COUNTRY,Capitol,Center,CapitolDecimal,CenterDecimal,kmDistance,mileDistance,latPlotPoint,lonPlotPoint,Continent,capitalName,Afghanistan,"34 31 N, 69 11 E","33 00 N, 65 00 E","34.516666666666666, 69.18333333333334","33.0, 65.0",421.9891167,262.2119727,4.18333,1.51667,Asia,Kabul,Akrotiri,"34 40 N, 32 51 E","34 37 N, 32 58 E","34.666666666666664, 32.85","34.61666666666667, 32.96666666666667",12.03802698,7.480085804,-0.11667,0.05,Europe,Episkopi Cantonment,Albania,"41 19 N, 19 49 E","41 00 N, 20 00 E","41.31666666666667, 19.816666666666666","41.0, 20.0",38.42343335,23.87522298,-0.18333,0.31667,Europe,Tirana,Algeria,"36 45 N, 3 03 E","28 00 N, 3 00 E","36.75, 3.05","28.0, 3.0",973.2723261,604.7635982,0.05,8.75,Africa,Algiers,American Samoa,"14 16 S, 170 42 W","14 20 S, 170 00 W","-14.266666666666667, -170.7","-14.333333333333334, -170.0",75.81191271,47.10735514,-0.7,0.06667,Oceania,Pago Pago,Andorra,"42 30 N, 1 31 E","42 30 N, 1 30 E","42.5, 1.5166666666666666","42.5, 1.5",1.366787256,0.849282526,0.01667,0,Europe,Andorra la Vella,Angola,"8 50 S, 13 13 E","12 30 S, 18 30 E","-8.833333333333334, 13.216666666666667","-12.5, 18.5",706.908206,439.2525491,-5.28333,3.66667,Africa,Luanda,Anguilla,"18 13 N, 63 03 W","18 15 N, 63 10 W","18.216666666666665, -63.05","18.25, -63.166666666666664",12.8708406,7.997572379,0.11667,-0.03333,North America,The Valley,Antigua and Barbuda,"17 07 N, 61 51 W","17 03 N, 61 48 W","17.116666666666667, -61.85","17.05, -61.8",9.12403576,5.669414971,-0.05,0.06667,North America,St. John's,Argentina,"34 35 S, 58 40 W","34 00 S, 64 00 W","-34.583333333333336, -58.666666666666664","-34.0, -64.0",494.3269083,307.1606083,5.33333,-0.58333,South America,Buenos Aires,Armenia,"40 10 N, 44 30 E","40 00 N, 45 00 E","40.166666666666664, 44.5","40.0, 45.0",46.41429355,28.84051506,-0.5,0.16667,Europe,Yerevan,Aruba,"12 31 N, 70 02 W","12 30 N, 69 58 W","12.516666666666667, -70.03333333333333","12.5, -69.96666666666667",7.472909915,4.643452575,-0.06667,0.01667,North America,Oranjestad,Australia,"35 16 S, 149 08 E","27 00 S, 133 00 E","-35.266666666666666, 149.13333333333333","-27.0, 133.0",1786.648646,1110.172389,16.13333,-8.26667,Oceania,Canberra,Austria,"48 12 N, 16 22 E","47 20 N, 13 20 E","48.2, 16.366666666666667","47.333333333333336, 13.333333333333334",246.3975247,153.1043775,3.03333,0.86667,Europe,Vienna,Azerbaijan,"40 23 N, 49 52 E","40 30 N, 47 30 E","40.38333333333333, 49.86666666666667","40.5, 47.5",200.7599527,124.746495,2.36667,-0.11667,Asia,Baku,Bahrain,"26 14 N, 50 34 E","26 00 N, 50 33 E","26.233333333333334, 50.56666666666667","26.0, 50.55",26.00695149,16.15997613,0.01667,0.23333,Asia,Manama,Bangladesh,"23 43 N, 90 24 E","24 00 N, 90 00 E","23.716666666666665, 90.4","24.0, 90.0",51.46721609,31.98025666,0.4,-0.28333,Asia,Dhaka,Barbados,"13 06 N, 59 37 W","13 10 N, 59 32 W","13.1, -59.61666666666667","13.166666666666666, -59.53333333333333",11.68197134,7.25884301,-0.08333,-0.06667,North America,Bridgetown,Belarus,"53 54 N, 27 34 E","53 00 N, 28 00 E","53.9, 27.566666666666666","53.0, 28.0",104.1402424,64.70976933,-0.43333,0.9,Europe,Minsk,Belgium,"50 50 N, 4 20 E","50 50 N, 4 00 E","50.833333333333336, 4.333333333333333","50.833333333333336, 4.0",23.41676504,14.55050833,0.33333,0,Europe,Brussels,Belize,"17 15 N, 88 46 W","17 15 N, 88 45 W","17.25, -88.76666666666667","17.25, -88.75",1.770445152,1.100104001,-0.01667,0,North America,Belmopan,Benin,"6 29 N, 2 37 E","9 30 N, 2 15 E","6.483333333333333, 2.6166666666666667","9.5, 2.25",337.9646918,210.0015973,0.36667,-3.01667,Africa,Porto-Novo,Bermuda,"32 17 N, 64 47 W","32 20 N, 64 45 W","32.28333333333333, -64.78333333333333","32.333333333333336, -64.75",6.383571842,3.96656904,-0.03333,-0.05,North America,Hamilton,Bhutan,"27 28 N, 89 38 E","27 30 N, 90 30 E","27.466666666666665, 89.63333333333334","27.5, 90.5",85.60022733,53.18953401,-0.86667,-0.03333,Asia,Thimphu,Bolivia,"16 30 S, 68 09 W","17 00 S, 65 00 W","-16.5, -68.15","-17.0, -65.0",340.0815036,211.3169236,-3.15,0.5,South America,Sucre,Bosnia and Herzegovina,"43 52 N, 18 25 E","44 00 N, 18 00 E","43.86666666666667, 18.416666666666668","44.0, 18.0",36.52241914,22.6939871,0.41667,-0.13333,Europe,Sarajevo,Botswana,"24 38 S, 25 54 E","22 00 S, 24 00 E","-24.633333333333333, 25.9","-22.0, 24.0",351.3524167,218.3203468,1.9,-2.63333,Africa,Gaborone,Brazil,"15 47 S, 47 55 W","10 00 S, 55 00 W","-15.783333333333333, -47.916666666666664","-10.0, -55.0",1001.52044,622.3161685,7.08333,-5.78333,South America,Brasilia,British Virgin Islands,"18 25 N, 64 37 W","18 30 N, 64 30 W","18.416666666666668, -64.61666666666666","18.5, -64.5",15.40888772,9.574642298,-0.11667,-0.08333,North America,Road Town,Brunei,"4 53 N, 114 56 E","4 30 N, 114 40 E","4.883333333333333, 114.93333333333334","4.5, 114.66666666666667",51.8836251,32.23900132,0.26667,0.38333,Asia,Bandar Seri Begawan,Bulgaria,"42 41 N, 23 19 E","43 00 N, 25 00 E","42.68333333333333, 23.316666666666666","43.0, 25.0",141.7323002,88.06839929,-1.68333,-0.31667,Europe,Sofia,Burkina Faso,"12 22 N, 1 31 W","13 00 N, 2 00 W","12.366666666666667, -1.5166666666666666","13.0, -2.0",87.82634,54.57277678,0.48333,-0.63333,Africa,Ouagadougou,Burma,"16 48 N, 96 09 E","22 00 N, 98 00 E","16.8, 96.15","22.0, 98.0",610.062878,379.0756311,-1.85,-5.2,Asia,Naypyidaw,Burundi,"3 22 S, 29 21 E","3 30 S, 30 00 E","-3.3666666666666667, 29.35","-3.5, 30.0",73.67767829,45.78120289,-0.65,0.13333,Africa,Bujumbura,Cambodia,"11 33 N, 104 55 E","13 00 N, 105 00 E","11.55, 104.91666666666667","13.0, 105.0",161.5373581,100.3746961,-0.08333,-1.45,Asia,Phnom Penh,Cameroon,"3 52 N, 11 31 E","6 00 N, 12 00 E","3.8666666666666667, 11.516666666666667","6.0, 12.0",243.2595988,151.1545601,-0.48333,-2.13333,Africa,Yaounde,Canada,"45 25 N, 75 42 W","60 00 N, 95 00 W","45.416666666666664, -75.7","60.0, -95.0",2063.078731,1281.938142,19.3,-14.58333,North America,Ottawa,Cape Verde,"14 55 N, 23 31 W","16 00 N, 24 00 W","14.916666666666666, -23.516666666666666","16.0, -24.0",131.1671847,81.50353857,0.48333,-1.08333,Africa,Praia,Cayman Islands,"19 18 N, 81 23 W","19 30 N, 80 30 W","19.3, -81.38333333333334","19.5, -80.5",95.30692756,59.22100002,-0.88333,-0.2,North America,George Town,Central African Republic,"4 22 N, 18 35 E","7 00 N, 21 00 E","4.366666666666666, 18.583333333333332","7.0, 21.0",396.6461142,246.4645555,-2.41667,-2.63333,Africa,Bangui,Chad,"12 06 N, 15 02 E","15 00 N, 19 00 E","12.1, 15.033333333333333","15.0, 19.0",536.6383507,333.451729,-3.96667,-2.9,Africa,N'Djamena,Chile,"33 27 S, 70 40 W","30 00 S, 71 00 W","-33.45, -70.66666666666667","-30.0, -71.0",385.0357763,239.2502234,0.33333,-3.45,South America,Santiago,China,"39 55 N, 116 23 E","35 00 N, 105 00 E","39.916666666666664, 116.38333333333334","35.0, 105.0",1142.941063,710.1909007,11.38333,4.91667,Asia,Beijing,Christmas Island,"10 25 S, 105 43 E","10 30 S, 105 40 E","-10.416666666666666, 105.71666666666667","-10.5, 105.66666666666667",10.76235277,6.687418324,0.05,0.08333,Asia,Flying Fish Cove,Cocos Keeling Islands,"12 10 S, 96 50 E","12 30 S, 96 50 E","-12.166666666666666, 96.83333333333333","-12.5, 96.83333333333333",37.07661108,23.03834613,0,0.33333,Asia,West Island,Colombia,"4 36 N, 74 05 W","4 00 N, 72 00 W","4.6, -74.08333333333333","4.0, -72.0",240.5198169,149.4521379,-2.08333,0.6,South America,Bogota,Comoros,"11 42 S, 43 14 E","12 10 S, 44 15 E","-11.7, 43.233333333333334","-12.166666666666666, 44.25",122.2106265,75.93818938,-1.01667,0.46667,Africa,Moroni,"Congo, Republic of the","4 15 S, 15 17 E","1 00 S, 15 00 E","-4.25, 15.283333333333333","-1.0, 15.0",362.8648546,225.4738465,0.28333,-3.25,Africa,Kinshasa,Cook Islands,"21 12 S, 159 46 W","21 14 S, 159 46 W","-21.2, -159.76666666666668","-21.233333333333334, -159.76666666666668",3.707661108,2.303834613,0,0.03333,Oceania,Avarua,Costa Rica,"9 56 N, 84 05 W","10 00 N, 84 00 W","9.933333333333334, -84.08333333333333","10.0, -84.0",11.76140017,7.308197814,-0.08333,-0.06667,North America,San Jose,Cote d'Ivoire,"6 49 N, 5 16 W","8 00 N, 5 00 W","6.816666666666666, -5.266666666666667","8.0, -5.0",134.8683638,83.80334548,-0.26667,-1.18333,Africa,Yamoussoukro,Croatia,"45 48 N, 16 00 E","45 10 N, 15 30 E","45.8, 16.0","45.166666666666664, 15.5",80.51662809,50.03073078,0.5,0.63333,Europe,Zagreb,Cuba,"23 07 N, 82 21 W","21 30 N, 80 00 W","23.116666666666667, -82.35","21.5, -80.0",301.3448254,187.2470592,-2.35,1.61667,North America,Havana,Cyprus,"35 10 N, 33 22 E","35 00 N, 33 00 E","35.166666666666664, 33.36666666666667","35.0, 33.0",38.17748311,23.72239654,0.36667,0.16667,Europe,Nicosia,Czech Republic,"50 05 N, 14 28 E","49 45 N, 15 30 E","50.083333333333336, 14.466666666666667","49.75, 15.5",82.7752825,51.43419405,-1.03333,0.33333,Europe,Prague,Democratic Republic of the Congo,"4 19 S, 15 18 E","0 00 N, 25 00 E","-4.316666666666666, 15.3","0.0, 25.0",1180.007419,733.2228744,-9.7,-4.31667,Africa,Kinshasa,Denmark,"55 40 N, 12 35 E","56 00 N, 10 00 E","55.666666666666664, 12.583333333333334","56.0, 10.0",165.5666,102.8783518,2.58333,-0.33333,Europe,Copenhagen,Dhekelia,"34 40 N, 32 51 E","34 59 N, 33 45 E","34.666666666666664, 32.85","34.983333333333334, 33.75",89.40769081,55.55538296,-0.9,-0.31667,Europe,Episkopi Cantonment,Djibouti,"11 35 N, 43 09 E","11 30 N, 43 00 E","11.583333333333334, 43.15","11.5, 43.0",18.79215276,11.67690647,0.15,0.08333,Africa,Djibouti,Dominica,"15 18 N, 61 24 W","15 25 N, 61 20 W","15.3, -61.4","15.416666666666666, -61.333333333333336",14.81645855,9.20652375,-0.06667,-0.11667,North America,Roseau,Dominican Republic,"18 28 N, 69 54 W","19 00 N, 70 40 W","18.466666666666665, -69.9","19.0, -70.66666666666667",100.2050041,62.26452474,0.76667,-0.53333,North America,Santo Domingo,East Timor,"8 35 S, 125 36 E","8 50 S, 125 55 E","-8.583333333333334, 125.6","-8.833333333333334, 125.91666666666667",44.55846893,27.6873587,-0.31667,0.25,Asia,Dili,Ecuador,"0 13 S, 78 30 W","2 00 S, 77 30 W","-0.21666666666666667, -78.5","-2.0, -77.5",227.4051118,141.3030351,-1,1.78333,South America,Quito,Egypt,"30 03 N, 31 15 E","27 00 N, 30 00 E","30.05, 31.25","27.0, 30.0",360.5653467,224.0449981,1.25,3.05,Africa,Cairo,El Salvador,"13 42 N, 89 12 W","13 50 N, 88 55 W","13.7, -89.2","13.833333333333334, -88.91666666666667",34.01332245,21.13490615,-0.28333,-0.13333,North America,San Salvador,Equatorial Guinea,"3 45 N, 8 47 E","2 00 N, 10 00 E","3.75, 8.783333333333333","2.0, 10.0",236.9727511,147.2480927,-1.21667,1.75,Africa,Malabo,Eritrea,"15 20 N, 38 56 E","15 00 N, 39 00 E","15.333333333333334, 38.93333333333333","15.0, 39.0",37.76106602,23.46364686,-0.06667,0.33333,Africa,Asmara,Estonia,"59 26 N, 24 43 E","59 00 N, 26 00 E","59.43333333333333, 24.716666666666665","59.0, 26.0",87.52116958,54.3831526,-1.28333,0.43333,Europe,Tallinn,Ethiopia,"9 02 N, 38 42 E","8 00 N, 38 00 E","9.033333333333333, 38.7","8.0, 38.0",138.3466961,85.96468169,0.7,1.03333,Africa,Addis Ababa,Falkland Islands Islas Malvinas,"51 42 S, 57 51 W","51 45 S, 59 00 W","-51.7, -57.85","-51.75, -59.0",79.42890623,49.35485151,1.15,0.05,South America,Stanley,Faroe Islands,"62 00 N, 6 46 W","62 00 N, 7 00 W","62.0, -6.766666666666667","62.0, -7.0",12.18448362,7.571089773,0.23333,0,Europe,Torshavn,Federated States of Micronesia,"6 55 N, 158 09 E","6 55 N, 158 15 E","6.916666666666667, 158.15","6.916666666666667, 158.25",11.04203416,6.861204344,-0.1,0,Oceania,Palikir,Fiji,"18 08 S, 178 25 E","18 00 S, 175 00 E","-18.133333333333333, 178.41666666666666","-18.0, 175.0",361.597129,224.6861181,3.41667,-0.13333,Oceania,Suva,Finland,"60 10 N, 24 56 E","64 00 N, 26 00 E","60.166666666666664, 24.933333333333334","64.0, 26.0",429.9684266,267.1700878,-1.06667,-3.83333,Europe,Helsinki,France,"48 52 N, 2 20 E","46 00 N, 2 00 E","48.86666666666667, 2.3333333333333335","46.0, 2.0",319.8427682,198.7411521,0.33333,2.86667,Europe,Paris,French Polynesia,"17 32 S, 149 34 W","15 00 S, 140 00 W","-17.533333333333335, -149.56666666666666","-15.0, -140.0",1059.462908,658.3199618,-9.56667,-2.53333,Oceania,Papeete,Gabon,"0 23 N, 9 27 E","1 00 S, 11 45 E","0.38333333333333336, 9.45","-1.0, 11.75",298.5272978,185.4963282,-2.3,1.38333,Africa,Libreville,Georgia,"41 41 N, 44 50 E","42 00 N, 43 30 E","41.68333333333333, 44.833333333333336","42.0, 43.5",115.9640714,72.05675861,1.33333,-0.31667,Europe,Tbilisi,Germany,"52 31 N, 13 24 E","51 00 N, 9 00 E","52.516666666666666, 13.4","51.0, 9.0",346.6556746,215.4019255,4.4,1.51667,Europe,Berlin,Ghana,"5 33 N, 0 13 W","8 00 N, 2 00 W","5.55, -0.21666666666666667","8.0, -2.0",336.2383472,208.9288961,1.78333,-2.45,Africa,Accra,Gibraltar,"36 08 N, 5 21 W","36 08 N, 5 21 W","36.13333333333333, -5.35","36.13333333333333, -5.35",0,0,0,0,Europe,Gibraltar,Greece,"37 59 N, 23 44 E","39 00 N, 22 00 E","37.983333333333334, 23.733333333333334","39.0, 22.0",188.5662694,117.1696888,1.73333,-1.01667,Europe,Athens,Greenland,"64 11 N, 51 45 W","72 00 N, 40 00 W","64.18333333333334, -51.75","72.0, -40.0",992.8862896,616.9511544,-11.75,-7.81667,North America,Nuuk,Grenada,"12 03 N, 61 45 W","12 07 N, 61 40 W","12.05, -61.75","12.116666666666667, -61.666666666666664",11.71064589,7.276660559,-0.08333,-0.06667,North America,St. George's,Guam,"13 28 N, 144 44 E","13 28 N, 144 47 E","13.466666666666667, 144.73333333333332","13.466666666666667, 144.78333333333333",5.408581603,3.36073798,-0.05,0,Oceania,Hagåtña,Guatemala,"14 37 N, 90 31 W","15 30 N, 90 15 W","14.616666666666667, -90.51666666666667","15.5, -90.25",102.3427792,63.59287705,-0.26667,-0.88333,North America,Guatemala City,Guernsey,"49 27 N, 2 32 W","49 28 N, 2 35 W","49.45, -2.533333333333333","49.46666666666667, -2.5833333333333335",4.062600939,2.524384076,0.05,-0.01667,Europe,St. Peter Port,Guinea-Bissau,"11 51 N, 15 35 W","11 00 N, 10 00 W","11.85, -15.583333333333334","11.0, -10.0",616.0102908,382.7711833,-5.58333,0.85,Africa,Bissau,Guinea,"9 30 N, 13 42 W","12 00 N, 15 00 W","9.5, -13.7","12.0, -15.0",312.255121,194.026405,1.3,-2.5,Africa,Conakry,Guyana,"6 48 N, 58 09 W","5 00 N, 59 00 W","6.8, -58.15","5.0, -59.0",221.1993389,137.4469453,0.85,1.8,South America,Georgetown,Haiti,"18 32 N, 72 20 W","19 00 N, 72 25 W","18.533333333333335, -72.33333333333333","19.0, -72.41666666666667",52.64396758,32.71145639,0.08333,-0.46667,North America,Port-au-Prince,Holy See Vatican City,"41 54 N, 12 27 E","41 54 N, 12 27 E","41.9, 12.45","41.9, 12.45",0,0,0,0,Europe,Vatican City,Honduras,"14 06 N, 87 13 W","15 00 N, 86 30 W","14.1, -87.21666666666667","15.0, -86.5",126.3907109,78.53557433,-0.71667,-0.9,North America,Tegucigalpa,Hungary,"47 30 N, 19 05 E","47 00 N, 20 00 E","47.5, 19.083333333333332","47.0, 20.0",88.78618867,55.1691993,-0.91667,0.5,Europe,Budapest,Iceland,"64 09 N, 21 57 W","65 00 N, 18 00 W","64.15, -21.95","65.0, -18.0",210.9478155,131.0769417,-3.95,-0.85,Europe,Reykjavík,India,"28 36 N, 77 12 E","20 00 N, 77 00 E","28.6, 77.2","20.0, 77.0",956.7907601,594.5224243,0.2,8.6,Asia,New Delhi,Indonesia,"6 10 S, 106 49 E","5 00 S, 120 00 E","-6.166666666666667, 106.81666666666666","-5.0, 120.0",1465.124678,910.3865876,-13.18333,-1.16667,Asia,Jakarta,Iran,"35 42 N, 51 25 E","32 00 N, 53 00 E","35.7, 51.416666666666664","32.0, 53.0",436.7476429,271.382499,-1.58333,3.7,Asia,Tehran,Iraq,"33 20 N, 44 24 E","33 00 N, 44 00 E","33.333333333333336, 44.4","33.0, 44.0",52.55223576,32.65445687,0.4,0.33333,Asia,Baghdad,Ireland,"53 19 N, 6 14 W","53 00 N, 8 00 W","53.31666666666667, -6.233333333333333","53.0, -8.0",122.9744579,76.41281238,1.76667,0.31667,Europe,Dublin,Isle of Man,"54 09 N, 4 29 W","54 15 N, 4 30 W","54.15, -4.483333333333333","54.25, -4.5",11.1757195,6.944272588,0.01667,-0.1,Europe,Douglas,Israel,"31 46 N, 35 14 E","31 30 N, 34 45 E","31.766666666666666, 35.233333333333334","31.5, 34.75",54.54339395,33.89170564,0.48333,0.26667,Asia,Jerusalem,Italy,"41 54 N, 12 29 E","42 50 N, 12 50 E","41.9, 12.483333333333333","42.833333333333336, 12.833333333333334",107.7252788,66.93740848,-0.35,-0.93333,Europe,Rome,Jamaica,"18 00 N, 76 48 W","18 15 N, 77 30 W","18.0, -76.8","18.25, -77.5",79.04971038,49.11923005,0.7,-0.25,North America,Kingston,Japan,"35 41 N, 139 45 E","36 00 N, 138 00 E","35.68333333333333, 139.75","36.0, 138.0",161.673426,100.4592448,1.75,-0.31667,Asia,Tokyo,Jersey,"49 11 N, 2 06 W","49 15 N, 2 10 W","49.18333333333333, -2.1","49.25, -2.1666666666666665",8.857106396,5.503552695,0.06667,-0.06667,Europe,St. Helier,Jordan,"31 57 N, 35 56 E","31 00 N, 36 00 E","31.95, 35.93333333333333","31.0, 36.0",105.8574188,65.77677368,-0.06667,0.95,Asia,Amman,Kazakhstan,"51 10 N, 71 25 E","48 00 N, 68 00 E","51.166666666666664, 71.41666666666667","48.0, 68.0",429.7486601,267.0335311,3.41667,3.16667,Asia,Astana,Kenya,"1 17 S, 36 49 E","1 00 N, 38 00 E","-1.2833333333333332, 36.81666666666667","1.0, 38.0",286.0509322,177.7438713,-1.18333,-2.28333,Africa,Nairobi,Kiribati,"1 21 N, 173 02 E","1 25 N, 173 00 E","1.35, 173.03333333333333","1.4166666666666667, 173.0",8.290098986,5.151230501,0.03333,-0.06667,Oceania,Tarawa,Kosovo,"42 40 N, 21 10 E","42 35 N, 21 00 E","42.666666666666664, 21.166666666666668","42.583333333333336, 21.0",16.49183739,10.24755626,0.16667,0.08333,Europe,Pristina,Kuwait,"29 22 N, 47 58 E","29 30 N, 45 45 E","29.366666666666667, 47.96666666666667","29.5, 45.75",215.2437637,133.7463211,2.21667,-0.13333,Asia,Kuwait City,Kyrgyzstan,"42 52 N, 74 36 E","41 00 N, 75 00 E","42.86666666666667, 74.6","41.0, 75.0",210.2498335,130.6432356,-0.4,1.86667,Asia,Bishkek,Laos,"17 58 N, 102 36 E","18 00 N, 105 00 E","17.966666666666665, 102.6","18.0, 105.0",253.9353383,157.7881594,-2.4,-0.03333,Asia,Vientiane,Latvia,"56 57 N, 24 06 E","57 00 N, 25 00 E","56.95, 24.1","57.0, 25.0",54.84104495,34.07665746,-0.9,-0.05,Europe,Riga,Lebanon,"33 52 N, 35 30 E","33 50 N, 35 50 E","33.86666666666667, 35.5","33.833333333333336, 35.833333333333336",31.01447836,19.27151017,-0.33333,0.03333,Asia,Beirut,Lesotho,"29 19 S, 27 29 E","29 30 S, 28 30 E","-29.316666666666666, 27.483333333333334","-29.5, 28.5",100.6000536,62.50999722,-1.01667,0.18333,Africa,Maseru,Liberia,"6 18 N, 10 48 W","6 30 N, 9 30 W","6.3, -10.8","6.5, -9.5",145.4092833,90.3531715,-1.3,-0.2,Africa,Monrovia,Libya,"32 53 N, 13 10 E","25 00 N, 17 00 E","32.88333333333333, 13.166666666666666","25.0, 17.0",952.7224743,591.9945078,-3.83333,7.88333,Africa,Tripoli,Liechtenstein,"47 08 N, 9 31 E","47 16 N, 9 32 E","47.13333333333333, 9.516666666666667","47.266666666666666, 9.533333333333333",14.88403592,9.248514394,-0.01667,-0.13333,Europe,Vaduz,Lithuania,"54 41 N, 25 19 E","56 00 N, 24 00 E","54.68333333333333, 25.316666666666666","56.0, 24.0",168.470512,104.6827597,1.31667,-1.31667,Europe,Vilnius,Luxembourg,"49 36 N, 6 07 E","49 45 N, 6 10 E","49.6, 6.116666666666666","49.75, 6.166666666666667",17.06822269,10.60570561,-0.05,-0.15,Europe,Luxembourg,Madagascar,"18 55 S, 47 31 E","20 00 S, 47 00 E","-18.916666666666668, 47.516666666666666","-20.0, 47.0",132.1213268,82.0964152,0.51667,1.08333,Africa,Antananarivo,Malawi,"13 58 S, 33 47 E","13 30 S, 34 00 E","-13.966666666666667, 33.78333333333333","-13.5, 34.0",56.94230142,35.38231816,-0.21667,-0.46667,Africa,Lilongwe,Malaysia,"3 10 N, 101 42 E","2 30 N, 112 30 E","3.1666666666666665, 101.7","2.5, 112.5",1202.09183,746.9454963,-10.8,0.66667,Asia,Kuala Lumpur,Maldives,"4 10 N, 73 30 E","3 15 N, 73 00 E","4.166666666666667, 73.5","3.25, 73.0",116.0861493,72.13261437,0.5,0.91667,Asia,Male,Mali,"12 39 N, 8 00 W","17 00 N, 4 00 W","12.65, -8.0","17.0, -4.0",647.2956716,402.2110246,-4,-4.35,Africa,Bamako,Malta,"35 53 N, 14 30 E","35 50 N, 14 35 E","35.88333333333333, 14.5","35.833333333333336, 14.583333333333334",9.346955864,5.80793115,-0.08333,0.05,Europe,Valletta,Marshall Islands,"7 06 N, 171 23 E","9 00 N, 168 00 E","7.1, 171.38333333333333","9.0, 168.0",428.3621152,266.1719718,3.38333,-1.9,Oceania,Majuro,Mauritania,"18 04 N, 15 58 W","20 00 N, 12 00 W","18.066666666666666, -15.966666666666667","20.0, -12.0",469.2318219,291.5672391,-3.96667,-1.93333,Africa,Nouakchott,Mauritius,"20 09 S, 57 29 E","20 17 S, 57 33 E","-20.15, 57.483333333333334","-20.283333333333335, 57.55",16.3819556,10.17927886,-0.06667,0.13333,Africa,Port Louis,Mayotte,"12 46 S, 45 13 E","12 50 S, 45 10 E","-12.766666666666667, 45.21666666666667","-12.833333333333334, 45.166666666666664",9.186893918,5.708473233,0.05,0.06667,Africa,Mamoudzou,Mexico,"19 26 N, 99 08 W","23 00 N, 102 00 W","19.433333333333334, -99.13333333333334","23.0, -102.0",495.6792993,308.0009454,2.86667,-3.56667,North America,Mexico City,Moldova,"47 00 N, 28 51 E","47 00 N, 29 00 E","47.0, 28.85","47.0, 29.0",11.37878284,7.070450345,-0.15,0,Europe,Chisinau,Monaco,"43 44 N, 7 25 E","43 44 N, 7 24 E","43.733333333333334, 7.416666666666667","43.733333333333334, 7.4",1.339513224,0.832335222,0.01667,0,Europe,Monaco,Mongolia,"47 55 N, 106 55 E","46 00 N, 105 00 E","47.916666666666664, 106.91666666666667","46.0, 105.0",258.0953737,160.3730864,1.91667,1.91667,Asia,Ulaanbaatar,Montenegro,"42 26 N, 19 16 E","42 30 N, 19 18 E","42.43333333333333, 19.266666666666666","42.5, 19.3",7.903631873,4.911090886,-0.03333,-0.06667,Europe,Podgorica,Montserrat,"16 42 N, 62 13 W","16 45 N, 62 12 W","16.7, -62.21666666666667","16.75, -62.2",5.838001609,3.627567295,-0.01667,-0.05,North America,Plymouth,Morocco,"34 01 N, 6 49 W","32 00 N, 5 00 W","34.016666666666666, -6.816666666666666","32.0, -5.0",281.1105143,174.6740368,-1.81667,2.01667,Africa,Rabat,Mozambique,"25 57 S, 32 35 E","18 15 S, 35 00 E","-25.95, 32.583333333333336","-18.25, 35.0",891.8678645,554.1811931,-2.41667,-7.7,Africa,Maputo,Namibia,"22 34 S, 17 05 E","22 00 S, 17 00 E","-22.566666666666666, 17.083333333333332","-22.0, 17.0",63.61111446,39.52612792,0.08333,-0.56667,Africa,Windhoek,Nepal,"27 43 N, 85 19 E","28 00 N, 84 00 E","27.716666666666665, 85.31666666666666","28.0, 84.0",133.2589308,82.80328983,1.31667,-0.28333,Asia,Kathmandu,Netherlands,"52 21 N, 4 55 E","52 30 N, 5 45 E","52.35, 4.916666666666667","52.5, 5.75",58.93387592,36.61982562,-0.83333,-0.15,Europe,Amsterdam,New Caledonia,"22 16 S, 166 27 E","21 30 S, 165 30 E","-22.266666666666666, 166.45","-21.5, 165.5",129.9478701,80.74589134,0.95,-0.76667,Oceania,Noumea,New Zealand,"41 18 S, 174 47 E","41 00 S, 174 00 E","-41.3, 174.78333333333333","-41.0, 174.0",73.60594181,45.7366279,0.78333,-0.3,Oceania,Wellington,Nicaragua,"12 08 N, 86 15 W","13 00 N, 85 00 W","12.133333333333333, -86.25","13.0, -85.0",166.4590188,103.4328753,-1.25,-0.86667,North America,Managua,Nigeria,"9 05 N, 7 32 E","16 00 N, 8 00 E","9.083333333333334, 7.533333333333333","16.0, 8.0",771.0040685,479.0798857,-0.46667,-6.91667,Africa,Abuja,Niger,"13 31 N, 2 07 E","10 00 N, 8 00 E","13.516666666666667, 2.1166666666666667","10.0, 8.0",750.5346894,466.3607987,-5.88333,3.51667,Africa,Niamey,Niue,"19 01 S, 169 55 W","19 02 S, 169 52 W","-19.016666666666666, -169.91666666666666","-19.033333333333335, -169.86666666666667",5.574955559,3.464118,-0.05,0.01667,Oceania,Alofi,Norfolk Island,"29 03 S, 167 58 E","29 02 S, 167 57 E","-29.05, 167.96666666666667","-29.033333333333335, 167.95",2.462416419,1.530075164,0.01667,-0.01667,Oceania,Kingston,North Korea,"39 01 N, 125 45 E","40 00 N, 127 00 E","39.016666666666666, 125.75","40.0, 127.0",153.1969003,95.19217406,-1.25,-0.98333,Asia,Pyongyang,Northern Mariana Islands,"15 12 N, 145 45 E","15 12 N, 145 45 E","15.2, 145.75","15.2, 145.75",9.50E-05,5.90E-05,0,0,Oceania,Saipan,Norway,"59 55 N, 10 45 E","62 00 N, 10 00 E","59.916666666666664, 10.75","62.0, 10.0",235.2366835,146.1693499,0.75,-2.08333,Europe,Oslo,Oman,"23 37 N, 58 35 E","21 00 N, 57 00 E","23.616666666666667, 58.583333333333336","21.0, 57.0",333.5427266,207.2539145,1.58333,2.61667,Asia,Muscat,Pakistan,"33 41 N, 73 03 E","30 00 N, 70 00 E","33.68333333333333, 73.05","30.0, 70.0",500.8408093,311.2081602,3.05,3.68333,Asia,Islamabad,Palau,"7 29 N, 134 38 E","7 30 N, 134 30 E","7.483333333333333, 134.63333333333333","7.5, 134.5",14.82044873,9.209003131,0.13333,-0.01667,Oceania,Ngerulmud,Panama,"8 58 N, 79 32 W","9 00 N, 80 00 W","8.966666666666667, -79.53333333333333","9.0, -80.0",51.40443278,31.94124491,0.46667,-0.03333,North America,Panama City,Papua New Guinea,"9 27 S, 147 11 E","6 00 S, 147 00 E","-9.45, 147.18333333333334","-6.0, 147.0",384.2744172,238.7771367,0.18333,-3.45,Oceania,Port Moresby,Paraguay,"25 16 S, 57 40 W","23 00 S, 58 00 W","-25.266666666666666, -57.666666666666664","-23.0, -58.0",254.3808368,158.0649794,0.33333,-2.26667,South America,Asunción,Peru,"12 03 S, 77 03 W","10 00 S, 76 00 W","-12.05, -77.05","-10.0, -76.0",255.2125413,158.5817768,-1.05,-2.05,South America,Lima,Philippines,"14 36 N, 120 58 E","13 00 N, 122 00 E","14.6, 120.96666666666667","13.0, 122.0",210.0726188,130.5331195,-1.03333,1.6,Asia,Manila,Pitcairn Islands,"25 04 S, 130 05 W","25 04 S, 130 06 W","-25.066666666666666, -130.08333333333334","-25.066666666666666, -130.1",1.679228328,1.043424475,0.01667,0,Oceania,Adamstown,Poland,"52 15 N, 21 00 E","52 00 N, 20 00 E","52.25, 21.0","52.0, 20.0",73.73236189,45.81518172,1,0.25,Europe,Warsaw,Portugal,"38 43 N, 9 08 W","39 30 N, 8 00 W","38.71666666666667, -9.133333333333333","39.5, -8.0",130.993444,81.39558106,-1.13333,-0.78333,Europe,Lisbon,Puerto Rico,"18 28 N, 66 07 W","18 15 N, 66 30 W","18.466666666666665, -66.11666666666666","18.25, -66.5",47.10053143,29.26692366,0.38333,0.21667,North America,San Juan,Qatar,"25 17 N, 51 32 E","25 30 N, 51 15 E","25.283333333333335, 51.53333333333333","25.5, 51.25",37.30118271,23.17788852,0.28333,-0.21667,Asia,Doha,Republic of Macedonia,"42 00 N, 21 26 E","41 50 N, 22 00 E","42.0, 21.433333333333334","41.833333333333336, 22.0",50.43255462,31.3373476,-0.56667,0.16667,Europe,Skopje,Romania,"44 26 N, 26 06 E","46 00 N, 25 00 E","44.43333333333333, 26.1","46.0, 25.0",194.4044264,120.7973527,1.1,-1.56667,Europe,Bucharest,Russia,"55 45 N, 37 36 E","60 00 N, 100 00 E","55.75, 37.6","60.0, 100.0",3581.275304,2225.302088,-62.4,-4.25,Europe,Moscow,Rwanda,"1 57 S, 30 03 E","2 00 S, 30 00 E","-1.95, 30.05","-2.0, 30.0",7.862801051,4.885719781,0.05,0.05,Africa,Kigali,Saint Barthelemy,"17 53 N, 62 51 W","17 90 N, 62 85 W","17.883333333333333, -62.85","18.5, -63.416666666666664",91.05147232,56.5767818,0.56667,-0.61667,North America,Gustavia,"Saint Helena, Ascension, and Tristan da Cunha","15 56 S, 5 43 W","15 57 S, 5 42 W","-15.933333333333334, -5.716666666666667","-15.95, -5.7",2.571793329,1.598038848,-0.01667,0.01667,Africa,Jamestown,Saint Helena,"15 56 S, 5 44 W","7 57 S, 14 22 W","-15.933333333333334, -5.733333333333333","-7.95, -14.366666666666667",1292.087145,802.8660119,8.63333,-7.98333,Africa,Jamestown,Saint Kitts and Nevis,"17 18 N, 62 43 W","17 20 N, 62 45 W","17.3, -62.71666666666667","17.333333333333332, -62.75",5.125971079,3.18513188,0.03333,-0.03333,North America,Basseterre,Saint Lucia,"14 00 N, 61 00 W","13 53 N, 60 58 W","14.0, -61.0","13.883333333333333, -60.96666666666667",13.46649386,8.367694284,-0.03333,0.11667,North America,Castries,Saint Pierre and Miquelon,"46 46 N, 56 11 W","46 50 N, 56 20 W","46.766666666666666, -56.18333333333333","46.833333333333336, -56.333333333333336",13.61738594,8.461454313,0.15,-0.06667,North America,St. Pierre,Saint Vincent and the Grenadines,"13 08 N, 61 13 W","13 15 N, 61 12 W","13.133333333333333, -61.21666666666667","13.25, -61.2",13.10173286,8.141042229,-0.01667,-0.11667,North America,Kingstown,Samoa,"13 49 S, 171 46 W","13 35 S, 172 20 W","-13.816666666666666, -171.76666666666668","-13.583333333333334, -172.33333333333334",66.50977254,41.32727118,0.56667,-0.23333,Oceania,Apia,San Marino,"43 56 N, 12 25 E","43 46 N, 12 25 E","43.93333333333333, 12.416666666666666","43.766666666666666, 12.416666666666666",18.53830554,11.51917306,0,0.16667,Europe,San Marino,Sao Tome and Principe,"0 20 N, 6 44 E","1 00 N, 7 00 E","0.3333333333333333, 6.733333333333333","1.0, 7.0",79.86465663,49.62561435,-0.26667,-0.66667,Africa,Sao Tome,Saudi Arabia,"24 39 N, 46 42 E","25 00 N, 45 00 E","24.65, 46.7","25.0, 45.0",175.9763412,109.3466674,1.7,-0.35,Asia,Riyadh,Senegal,"14 44 N, 17 38 W","14 00 N, 14 00 W","14.733333333333333, -17.633333333333333","14.0, -14.0",399.8968859,248.4844921,-3.63333,0.73333,Africa,Dakar,Serbia,"44 50 N, 20 30 E","44 00 N, 21 00 E","44.833333333333336, 20.5","44.0, 21.0",100.8444548,62.66186111,-0.5,0.83333,Europe,Belgrade,Seychelles,"4 37 S, 55 27 E","4 35 S, 55 40 E","-4.616666666666667, 55.45","-4.583333333333333, 55.666666666666664",24.30661072,15.10343299,-0.21667,-0.03333,Africa,Victoria,Sierra Leone,"8 29 N, 13 14 W","8 30 N, 11 30 W","8.483333333333333, -13.233333333333333","8.5, -11.5",190.6936486,118.4915814,-1.73333,-0.01667,Africa,Freetown,Singapore,"1 17 N, 103 51 E","1 22 N, 103 48 E","1.2833333333333332, 103.85","1.3666666666666667, 103.8",10.80883152,6.716298887,0.05,-0.08333,Asia,Singapore,Slovakia,"48 09 N, 17 07 E","48 40 N, 19 30 E","48.15, 17.116666666666667","48.666666666666664, 19.5",185.1131733,115.0240336,-2.38333,-0.51667,Europe,Bratislava,Slovenia,"46 03 N, 14 31 E","46 07 N, 14 49 E","46.05, 14.516666666666667","46.11666666666667, 14.816666666666666",24.30393032,15.10176746,-0.3,-0.06667,Europe,Ljubljana,Solomon Islands,"9 26 S, 159 57 E","8 00 S, 159 00 E","-9.433333333333334, 159.95","-8.0, 159.0",190.5950738,118.4303299,0.95,-1.43333,Oceania,Honiara,Somalia,"2 04 N, 45 20 E","10 00 N, 49 00 E","2.066666666666667, 45.333333333333336","10.0, 49.0",971.0286779,603.3694594,-3.66667,-7.93333,Africa,Mogadishu,South Africa,"25 42 S, 28 13 E","29 00 S, 24 00 E","-25.7, 28.216666666666665","-29.0, 24.0",555.1365498,344.945981,4.21667,3.3,Africa,Pretoria,South Korea,"37 33 N, 126 59 E","37 00 N, 127 30 E","37.55, 126.98333333333333","37.0, 127.5",76.37893516,47.45968669,-0.51667,0.55,Asia,Seoul,South Sudan,"04 51 N, 31 37 E","8 00 N, 30 00 E","4.85, 31.616666666666667","8.0, 30.0",393.2994107,244.3850097,1.61667,-3.15,Africa,Juba,Spain,"40 24 N, 3 41 W","40 00 N, 4 00 W","40.4, -3.6833333333333336","40.0, -4.0",51.99321688,32.30709852,0.31667,0.4,Europe,Madrid,Sri Lanka,"6 55 N, 79 50 E","7 00 N, 81 00 E","6.916666666666667, 79.83333333333333","7.0, 81.0",129.145356,80.24723205,-1.16667,-0.08333,Asia,Sri Jayawardenapura Kotte,Sudan,"15 36 N, 32 32 E","15 00 N, 30 00 E","15.6, 32.53333333333333","15.0, 30.0",279.8658397,173.9006316,2.53333,0.6,Africa,Khartoum,Suriname,"5 50 N, 55 10 W","4 00 N, 56 00 W","5.833333333333333, -55.166666666666664","4.0, -56.0",223.856615,139.0981006,0.83333,1.83333,South America,Paramaribo,Svalbard,"78 13 N, 15 38 E","78 00 N, 20 00 E","78.21666666666667, 15.633333333333333","78.0, 20.0",102.9191164,63.95099651,-4.36667,0.21667,Europe,Longyearbyen,Swaziland,"26 19 S, 31 08 E","26 30 S, 31 30 E","-26.316666666666666, 31.133333333333333","-26.5, 31.5",41.83484291,25.99497535,-0.36667,0.18333,Africa,Mbabane,Sweden,"59 20 N, 18 03 E","62 00 N, 15 00 E","59.333333333333336, 18.05","62.0, 15.0",339.9159603,211.2140597,3.05,-2.66667,Europe,Stockholm,Switzerland,"46 55 N, 7 28 E","47 00 N, 8 00 E","46.916666666666664, 7.466666666666667","47.0, 8.0",41.53678399,25.80977006,-0.53333,-0.08333,Europe,Bern,Syria,"33 30 N, 36 18 E","35 00 N, 38 00 E","33.5, 36.3","35.0, 38.0",228.611235,142.0524856,-1.7,-1.5,Asia,Damascus,Taiwan,"25 02 N, 121 31 E","23 30 N, 121 00 E","25.033333333333335, 121.51666666666667","23.5, 121.0",178.4171239,110.8633,0.51667,1.53333,Asia,Taipei,Tajikistan,"38 33 N, 68 46 E","39 00 N, 71 00 E","38.55, 68.76666666666667","39.0, 71.0",200.0234059,124.2888259,-2.23333,-0.45,Asia,Dushanbe,Tanzania,"6 48 S, 39 17 E","6 00 S, 35 00 E","-6.8, 39.28333333333333","-6.0, 35.0",481.7493298,299.3452606,4.28333,-0.8,Africa,Dodoma,Thailand,"13 45 N, 100 31 E","15 00 N, 100 00 E","13.75, 100.51666666666667","15.0, 100.0",149.7675275,93.06125981,0.51667,-1.25,Asia,Bangkok,The Bahamas,"25 05 N, 77 21 W","24 15 N, 76 00 W","25.083333333333332, -77.35","24.25, -76.0",164.9603171,102.5016249,-1.35,0.83333,North America,Nassau,The Gambia,"13 27 N, 16 34 W","13 28 N, 16 34 W","13.45, -16.566666666666666","13.466666666666667, -16.566666666666666",1.853830554,1.151917306,0,-0.01667,Africa,Banjul,Togo,"6 07 N, 1 13 E","8 00 N, 1 10 E","6.116666666666666, 1.2166666666666668","8.0, 1.1666666666666667",209.5555435,130.2118237,0.05,-1.88333,Africa,Lomé,Tonga,"21 08 S, 175 12 W","20 00 S, 175 00 W","-21.133333333333333, -175.2","-20.0, -175.0",127.7694548,79.39228635,-0.2,-1.13333,Oceania,Nuku_alofa,Trinidad and Tobago,"10 39 N, 61 31 W","11 00 N, 61 00 W","10.65, -61.516666666666666","11.0, -61.0",68.56917143,42.60692278,-0.51667,-0.35,North America,Port of Spain,Tunisia,"36 48 N, 10 11 E","34 00 N, 9 00 E","36.8, 10.183333333333334","34.0, 9.0",329.3964861,204.6775592,1.18333,2.8,Africa,Tunis,Turkey,"39 56 N, 32 52 E","39 00 N, 35 00 E","39.93333333333333, 32.86666666666667","39.0, 35.0",210.5493882,130.8293703,-2.13333,0.93333,Europe,Ankara,Turkmenistan,"37 57 N, 58 23 E","40 00 N, 60 00 E","37.95, 58.38333333333333","40.0, 60.0",267.4512066,166.1865335,-1.61667,-2.05,Asia,Ashgabat,Turks and Caicos Islands,"21 28 N, 71 08 W","21 45 N, 71 35 W","21.466666666666665, -71.13333333333334","21.75, -71.58333333333333",56.20299839,34.92293639,0.45,-0.28333,North America,Cockburn Town,Tuvalu,"8 31 S, 179 13 E","8 00 S, 178 00 E","-8.516666666666667, 179.21666666666667","-8.0, 178.0",145.7352937,90.555745,1.21667,-0.51667,Oceania,Funafuti,Uganda,"0 19 N, 32 33 E","1 00 N, 32 00 E","0.31666666666666665, 32.55","1.0, 32.0",97.56580618,60.62460262,0.55,-0.68333,Africa,Kampala,Ukraine,"50 26 N, 30 31 E","49 00 N, 32 00 E","50.43333333333333, 30.516666666666666","49.0, 32.0",191.8188215,119.1907317,-1.48333,1.43333,Europe,Kiev,United Arab Emirates,"24 28 N, 54 22 E","24 00 N, 54 00 E","24.466666666666665, 54.36666666666667","24.0, 54.0",63.85512982,39.67775209,0.36667,0.46667,Asia,Abu Dhabi,United Kingdom,"51 30 N, 0 05 W","54 00 N, 2 00 W","51.5, -0.08333333333333333","54.0, -2.0",306.5293112,190.4685505,1.91667,-2.5,Europe,London,United States,"38 53 N, 77 02 W","38 00 N, 97 00 W","38.88333333333333, -77.03333333333333","38.0, -97.0",1738.795091,1080.437558,19.96667,0.88333,North America,"Washington, D.C.",Uruguay,"34 51 S, 56 10 W","33 00 S, 56 00 W","-34.85, -56.166666666666664","-33.0, -56.0",206.3492246,128.2195087,-0.16667,-1.85,South America,Montevideo,Uzbekistan,"41 19 N, 69 15 E","41 00 N, 64 00 E","41.31666666666667, 69.25","41.0, 64.0",440.9976678,274.0233429,5.25,0.31667,Asia,Tashkent,Vanuatu,"17 44 S, 168 19 E","16 00 S, 167 00 E","-17.733333333333334, 168.31666666666666","-16.0, 167.0",238.3526384,148.1055152,1.31667,-1.73333,Oceania,Port Vila,Venezuela,"10 29 N, 66 52 W","8 00 N, 66 00 W","10.483333333333333, -66.86666666666666","8.0, -66.0",292.1463555,181.531393,-0.86667,2.48333,South America,Caracas,Vietnam,"21 02 N, 105 51 E","16 10 N, 107 50 E","21.033333333333335, 105.85","16.166666666666668, 107.83333333333333",580.2636275,360.5592287,-1.98333,4.86667,Asia,Hanoi,Virgin Islands,"18 21 N, 64 56 W","18 20 N, 64 50 W","18.35, -64.93333333333334","18.333333333333332, -64.83333333333333",10.71941976,6.660740976,-0.1,0.01667,North America,Charlotte Amalie,Wallis and Futuna,"13 57 S, 171 56 W","13 18 S, 176 12 W","-13.95, -171.93333333333334","-13.3, -176.2",466.8486602,290.0864105,4.26667,-0.65,Oceania,Mata-Utu,Yemen,"15 21 N, 44 12 E","15 00 N, 48 00 E","15.35, 44.2","15.0, 48.0",409.7826258,254.6272082,-3.8,0.35,Asia,Sanaa,Zambia,"15 25 S, 28 17 E","15 00 S, 30 00 E","-15.416666666666666, 28.283333333333335","-15.0, 30.0",189.995644,118.0578613,-1.71667,-0.41667,Africa,Lusaka,Zimbabwe,"17 49 S, 31 02 E","20 00 S, 30 00 E","-17.816666666666666, 31.033333333333335","-20.0, 30.0",266.0796641,165.3342962,1.03333,2.18333,Africa,Harare,